-- ═══════════════════════════════════════════════════════════════
-- NOVAMARKET TECH – BASE DE DATOS COMPLETA
-- Sesión 6: Modelo Relacional y SQL — Script completo (DDL + DML)
-- Dataset longitudinal del curso: Sep–Nov 2023, 500 transacciones
-- ═══════════════════════════════════════════════════════════════


-- ── LIMPIEZA (re-ejecución segura) ─────────────────────────────
DROP TABLE IF EXISTS FactVentas;
DROP TABLE IF EXISTS DimProducto;
DROP TABLE IF EXISTS DimCiudad;
DROP TABLE IF EXISTS DimFecha;

-- ── DDL: TABLAS DE DIMENSIÓN ────────────────────────────────────

CREATE TABLE DimProducto (
    ProductoID      INT          PRIMARY KEY,
    Nombre          VARCHAR(100) NOT NULL,
    Categoria       VARCHAR(50)  NOT NULL,
    Precio_Unitario DECIMAL(10,2) NOT NULL,
    Costo_Unitario  DECIMAL(10,2) NOT NULL
);

CREATE TABLE DimCiudad (
    CiudadID       INT          PRIMARY KEY,
    Nombre         VARCHAR(100) NOT NULL,
    Region         VARCHAR(50)  NOT NULL,
    Factor_Envio   DECIMAL(4,2) NOT NULL,
    Es_Zona_Remota TINYINT(1)   DEFAULT 0,
    Costo_Envio_Base DECIMAL(10,2) NOT NULL
);

CREATE TABLE DimFecha (
    FechaID        INT          PRIMARY KEY,
    Fecha          DATE         NOT NULL,
    Anio           INT          NOT NULL,
    Mes            INT          NOT NULL,
    NombreMes      VARCHAR(20)  NOT NULL,
    Trimestre      INT          NOT NULL,
    Semana         INT          NOT NULL,
    DiaSemana      VARCHAR(15)  NOT NULL,
    Es_FinSemana   TINYINT(1)   DEFAULT 0,
    Evento_Especial VARCHAR(50) NULL
);

CREATE TABLE FactVentas (
    TransaccionID  INT           PRIMARY KEY,
    FechaID        INT           NOT NULL,
    ProductoID     INT           NOT NULL,
    CiudadID       INT           NOT NULL,
    Cantidad       INT           NOT NULL CHECK (Cantidad > 0),
    Precio_Venta   DECIMAL(10,2) NOT NULL,
    Descuento_Pct  DECIMAL(5,4)  DEFAULT 0,
    Costo_Envio    DECIMAL(10,2) NOT NULL,
    CONSTRAINT fk_fecha   FOREIGN KEY (FechaID)    REFERENCES DimFecha(FechaID),
    CONSTRAINT fk_prod    FOREIGN KEY (ProductoID) REFERENCES DimProducto(ProductoID),
    CONSTRAINT fk_ciudad  FOREIGN KEY (CiudadID)   REFERENCES DimCiudad(CiudadID)
);

-- ── DML: INSERT DIMENSIONES ─────────────────────────────────────

INSERT INTO DimProducto (ProductoID, Nombre, Categoria, Precio_Unitario, Costo_Unitario) VALUES
    (1, 'Laptop Gamer Z',      'Laptops',     2500.00, 1800.00),
    (2, 'Smartphone Pro',      'Smartphones', 1200.00,  800.00),
    (3, 'Smartwatch Q',        'Wearables',    300.00,  180.00),
    (4, 'Audifonos Bluetooth', 'Audio',        150.00,   90.00);

INSERT INTO DimCiudad (CiudadID, Nombre, Region, Factor_Envio, Es_Zona_Remota, Costo_Envio_Base) VALUES
    (1, 'Bogotá',       'Centro',    1.0, 0,   80.00),
    (2, 'Medellín',     'Andina',    1.2, 0,   96.00),
    (3, 'Cali',         'Pacífico',  1.3, 0,  104.00),
    (4, 'Barranquilla', 'Caribe',    1.5, 0,  120.00),
    (5, 'Cartagena',    'Caribe',    1.6, 0,  128.00),
    (6, 'Leticia',      'Amazonia',  8.0, 1, 1650.00);

INSERT INTO DimFecha (FechaID, Fecha, Anio, Mes, NombreMes, Trimestre, Semana, DiaSemana, Es_FinSemana, Evento_Especial) VALUES
    (20230901, '2023-09-01', 2023, 9, 'Septiembre', 3, 35, 'Viernes', 0, NULL),
    (20230902, '2023-09-02', 2023, 9, 'Septiembre', 3, 35, 'Sábado', 1, NULL),
    (20230903, '2023-09-03', 2023, 9, 'Septiembre', 3, 35, 'Domingo', 1, NULL),
    (20230904, '2023-09-04', 2023, 9, 'Septiembre', 3, 36, 'Lunes', 0, NULL),
    (20230905, '2023-09-05', 2023, 9, 'Septiembre', 3, 36, 'Martes', 0, NULL),
    (20230906, '2023-09-06', 2023, 9, 'Septiembre', 3, 36, 'Miércoles', 0, NULL),
    (20230907, '2023-09-07', 2023, 9, 'Septiembre', 3, 36, 'Jueves', 0, NULL),
    (20230908, '2023-09-08', 2023, 9, 'Septiembre', 3, 36, 'Viernes', 0, NULL),
    (20230909, '2023-09-09', 2023, 9, 'Septiembre', 3, 36, 'Sábado', 1, NULL),
    (20230910, '2023-09-10', 2023, 9, 'Septiembre', 3, 36, 'Domingo', 1, NULL),
    (20230911, '2023-09-11', 2023, 9, 'Septiembre', 3, 37, 'Lunes', 0, NULL),
    (20230912, '2023-09-12', 2023, 9, 'Septiembre', 3, 37, 'Martes', 0, NULL),
    (20230913, '2023-09-13', 2023, 9, 'Septiembre', 3, 37, 'Miércoles', 0, NULL),
    (20230914, '2023-09-14', 2023, 9, 'Septiembre', 3, 37, 'Jueves', 0, NULL),
    (20230915, '2023-09-15', 2023, 9, 'Septiembre', 3, 37, 'Viernes', 0, NULL),
    (20230916, '2023-09-16', 2023, 9, 'Septiembre', 3, 37, 'Sábado', 1, NULL),
    (20230917, '2023-09-17', 2023, 9, 'Septiembre', 3, 37, 'Domingo', 1, NULL),
    (20230918, '2023-09-18', 2023, 9, 'Septiembre', 3, 38, 'Lunes', 0, NULL),
    (20230919, '2023-09-19', 2023, 9, 'Septiembre', 3, 38, 'Martes', 0, NULL),
    (20230920, '2023-09-20', 2023, 9, 'Septiembre', 3, 38, 'Miércoles', 0, NULL),
    (20230921, '2023-09-21', 2023, 9, 'Septiembre', 3, 38, 'Jueves', 0, NULL),
    (20230922, '2023-09-22', 2023, 9, 'Septiembre', 3, 38, 'Viernes', 0, NULL),
    (20230923, '2023-09-23', 2023, 9, 'Septiembre', 3, 38, 'Sábado', 1, NULL),
    (20230924, '2023-09-24', 2023, 9, 'Septiembre', 3, 38, 'Domingo', 1, NULL),
    (20230925, '2023-09-25', 2023, 9, 'Septiembre', 3, 39, 'Lunes', 0, NULL),
    (20230926, '2023-09-26', 2023, 9, 'Septiembre', 3, 39, 'Martes', 0, NULL),
    (20230927, '2023-09-27', 2023, 9, 'Septiembre', 3, 39, 'Miércoles', 0, NULL),
    (20230928, '2023-09-28', 2023, 9, 'Septiembre', 3, 39, 'Jueves', 0, NULL),
    (20230929, '2023-09-29', 2023, 9, 'Septiembre', 3, 39, 'Viernes', 0, NULL),
    (20230930, '2023-09-30', 2023, 9, 'Septiembre', 3, 39, 'Sábado', 1, NULL),
    (20231001, '2023-10-01', 2023, 10, 'Octubre', 4, 39, 'Domingo', 1, NULL),
    (20231002, '2023-10-02', 2023, 10, 'Octubre', 4, 40, 'Lunes', 0, NULL),
    (20231003, '2023-10-03', 2023, 10, 'Octubre', 4, 40, 'Martes', 0, NULL),
    (20231004, '2023-10-04', 2023, 10, 'Octubre', 4, 40, 'Miércoles', 0, NULL),
    (20231005, '2023-10-05', 2023, 10, 'Octubre', 4, 40, 'Jueves', 0, NULL),
    (20231006, '2023-10-06', 2023, 10, 'Octubre', 4, 40, 'Viernes', 0, NULL),
    (20231007, '2023-10-07', 2023, 10, 'Octubre', 4, 40, 'Sábado', 1, NULL),
    (20231008, '2023-10-08', 2023, 10, 'Octubre', 4, 40, 'Domingo', 1, NULL),
    (20231009, '2023-10-09', 2023, 10, 'Octubre', 4, 41, 'Lunes', 0, NULL),
    (20231010, '2023-10-10', 2023, 10, 'Octubre', 4, 41, 'Martes', 0, NULL),
    (20231011, '2023-10-11', 2023, 10, 'Octubre', 4, 41, 'Miércoles', 0, NULL),
    (20231012, '2023-10-12', 2023, 10, 'Octubre', 4, 41, 'Jueves', 0, NULL),
    (20231013, '2023-10-13', 2023, 10, 'Octubre', 4, 41, 'Viernes', 0, NULL),
    (20231014, '2023-10-14', 2023, 10, 'Octubre', 4, 41, 'Sábado', 1, NULL),
    (20231015, '2023-10-15', 2023, 10, 'Octubre', 4, 41, 'Domingo', 1, NULL),
    (20231016, '2023-10-16', 2023, 10, 'Octubre', 4, 42, 'Lunes', 0, NULL),
    (20231017, '2023-10-17', 2023, 10, 'Octubre', 4, 42, 'Martes', 0, NULL),
    (20231018, '2023-10-18', 2023, 10, 'Octubre', 4, 42, 'Miércoles', 0, NULL),
    (20231019, '2023-10-19', 2023, 10, 'Octubre', 4, 42, 'Jueves', 0, NULL),
    (20231020, '2023-10-20', 2023, 10, 'Octubre', 4, 42, 'Viernes', 0, NULL),
    (20231021, '2023-10-21', 2023, 10, 'Octubre', 4, 42, 'Sábado', 1, NULL),
    (20231022, '2023-10-22', 2023, 10, 'Octubre', 4, 42, 'Domingo', 1, NULL),
    (20231023, '2023-10-23', 2023, 10, 'Octubre', 4, 43, 'Lunes', 0, NULL),
    (20231024, '2023-10-24', 2023, 10, 'Octubre', 4, 43, 'Martes', 0, NULL),
    (20231025, '2023-10-25', 2023, 10, 'Octubre', 4, 43, 'Miércoles', 0, NULL),
    (20231026, '2023-10-26', 2023, 10, 'Octubre', 4, 43, 'Jueves', 0, NULL),
    (20231027, '2023-10-27', 2023, 10, 'Octubre', 4, 43, 'Viernes', 0, NULL),
    (20231028, '2023-10-28', 2023, 10, 'Octubre', 4, 43, 'Sábado', 1, NULL),
    (20231029, '2023-10-29', 2023, 10, 'Octubre', 4, 43, 'Domingo', 1, NULL),
    (20231030, '2023-10-30', 2023, 10, 'Octubre', 4, 44, 'Lunes', 0, NULL),
    (20231031, '2023-10-31', 2023, 10, 'Octubre', 4, 44, 'Martes', 0, NULL),
    (20231101, '2023-11-01', 2023, 11, 'Noviembre', 4, 44, 'Miércoles', 0, NULL),
    (20231102, '2023-11-02', 2023, 11, 'Noviembre', 4, 44, 'Jueves', 0, NULL),
    (20231103, '2023-11-03', 2023, 11, 'Noviembre', 4, 44, 'Viernes', 0, NULL),
    (20231104, '2023-11-04', 2023, 11, 'Noviembre', 4, 44, 'Sábado', 1, NULL),
    (20231105, '2023-11-05', 2023, 11, 'Noviembre', 4, 44, 'Domingo', 1, NULL),
    (20231106, '2023-11-06', 2023, 11, 'Noviembre', 4, 45, 'Lunes', 0, NULL),
    (20231107, '2023-11-07', 2023, 11, 'Noviembre', 4, 45, 'Martes', 0, NULL),
    (20231108, '2023-11-08', 2023, 11, 'Noviembre', 4, 45, 'Miércoles', 0, NULL),
    (20231109, '2023-11-09', 2023, 11, 'Noviembre', 4, 45, 'Jueves', 0, NULL),
    (20231110, '2023-11-10', 2023, 11, 'Noviembre', 4, 45, 'Viernes', 0, NULL),
    (20231111, '2023-11-11', 2023, 11, 'Noviembre', 4, 45, 'Sábado', 1, NULL),
    (20231112, '2023-11-12', 2023, 11, 'Noviembre', 4, 45, 'Domingo', 1, NULL),
    (20231113, '2023-11-13', 2023, 11, 'Noviembre', 4, 46, 'Lunes', 0, NULL),
    (20231114, '2023-11-14', 2023, 11, 'Noviembre', 4, 46, 'Martes', 0, NULL),
    (20231115, '2023-11-15', 2023, 11, 'Noviembre', 4, 46, 'Miércoles', 0, NULL),
    (20231116, '2023-11-16', 2023, 11, 'Noviembre', 4, 46, 'Jueves', 0, NULL),
    (20231117, '2023-11-17', 2023, 11, 'Noviembre', 4, 46, 'Viernes', 0, NULL),
    (20231118, '2023-11-18', 2023, 11, 'Noviembre', 4, 46, 'Sábado', 1, NULL),
    (20231119, '2023-11-19', 2023, 11, 'Noviembre', 4, 46, 'Domingo', 1, NULL),
    (20231120, '2023-11-20', 2023, 11, 'Noviembre', 4, 47, 'Lunes', 0, NULL),
    (20231121, '2023-11-21', 2023, 11, 'Noviembre', 4, 47, 'Martes', 0, NULL),
    (20231122, '2023-11-22', 2023, 11, 'Noviembre', 4, 47, 'Miércoles', 0, NULL),
    (20231123, '2023-11-23', 2023, 11, 'Noviembre', 4, 47, 'Jueves', 0, NULL),
    (20231124, '2023-11-24', 2023, 11, 'Noviembre', 4, 47, 'Viernes', 0, 'Black Friday'),
    (20231125, '2023-11-25', 2023, 11, 'Noviembre', 4, 47, 'Sábado', 1, NULL),
    (20231126, '2023-11-26', 2023, 11, 'Noviembre', 4, 47, 'Domingo', 1, NULL),
    (20231127, '2023-11-27', 2023, 11, 'Noviembre', 4, 48, 'Lunes', 0, NULL),
    (20231128, '2023-11-28', 2023, 11, 'Noviembre', 4, 48, 'Martes', 0, NULL),
    (20231129, '2023-11-29', 2023, 11, 'Noviembre', 4, 48, 'Miércoles', 0, NULL),
    (20231130, '2023-11-30', 2023, 11, 'Noviembre', 4, 48, 'Jueves', 0, NULL);

INSERT INTO FactVentas (TransaccionID, FechaID, ProductoID, CiudadID, Cantidad, Precio_Venta, Descuento_Pct, Costo_Envio) VALUES
    (1001, 20230919, 2, 1, 5, 1200.00, 0.0800, 83.30),
    (1002, 20231128, 2, 2, 4, 1200.00, 0.0800, 88.26),
    (1003, 20231116, 2, 3, 5, 1200.00, 0.0000, 96.31),
    (1004, 20231108, 2, 2, 2, 1200.00, 0.0000, 93.32),
    (1005, 20231015, 3, 4, 2, 300.00, 0.0800, 152.71),
    (1006, 20230906, 1, 2, 5, 2500.00, 0.0500, 82.80),
    (1007, 20230925, 1, 4, 2, 2500.00, 0.0000, 163.04),
    (1008, 20231127, 4, 3, 3, 150.00, 0.0000, 98.58),
    (1009, 20230915, 3, 2, 2, 300.00, 0.0500, 82.65),
    (1010, 20231109, 2, 3, 5, 1200.00, 0.1000, 100.00),
    (1011, 20231014, 4, 3, 4, 150.00, 0.1000, 108.26),
    (1012, 20231117, 1, 2, 5, 2500.00, 0.0000, 81.64),
    (1013, 20231127, 4, 2, 4, 150.00, 0.1000, 90.63),
    (1014, 20231002, 1, 1, 4, 2500.00, 0.0800, 73.15),
    (1015, 20231019, 4, 3, 5, 150.00, 0.0800, 108.67),
    (1016, 20231127, 3, 6, 1, 300.00, 0.1000, 1696.08),
    (1017, 20231009, 4, 4, 3, 150.00, 0.0500, 140.91),
    (1018, 20231005, 2, 3, 4, 1200.00, 0.0000, 105.74),
    (1019, 20231105, 1, 3, 1, 2500.00, 0.0000, 102.33),
    (1020, 20231105, 4, 5, 4, 150.00, 0.0800, 208.06),
    (1021, 20231016, 4, 1, 1, 150.00, 0.0000, 83.48),
    (1022, 20231111, 3, 2, 5, 300.00, 0.0000, 87.19),
    (1023, 20231120, 2, 2, 2, 1200.00, 0.1000, 90.89),
    (1024, 20231017, 1, 4, 2, 2500.00, 0.0500, 137.75),
    (1025, 20231013, 4, 2, 5, 150.00, 0.0000, 90.41),
    (1026, 20231123, 1, 3, 4, 2500.00, 0.0500, 99.99),
    (1027, 20230908, 2, 6, 3, 1200.00, 0.1000, 1781.82),
    (1028, 20231031, 3, 1, 4, 300.00, 0.0500, 87.31),
    (1029, 20231016, 3, 3, 1, 300.00, 0.0800, 92.00),
    (1030, 20230902, 4, 3, 3, 150.00, 0.0000, 98.19),
    (1031, 20231119, 2, 3, 2, 1200.00, 0.0500, 107.40),
    (1032, 20231119, 3, 4, 3, 300.00, 0.0500, 157.39),
    (1033, 20230904, 2, 1, 5, 1200.00, 0.0500, 77.72),
    (1034, 20231031, 4, 5, 4, 150.00, 0.1000, 212.03),
    (1035, 20231010, 1, 4, 1, 2500.00, 0.0500, 146.11),
    (1036, 20231023, 1, 6, 2, 2500.00, 0.1000, 1631.17),
    (1037, 20230928, 3, 1, 1, 300.00, 0.0000, 84.88),
    (1038, 20231113, 4, 6, 1, 150.00, 0.0500, 1723.24),
    (1039, 20231024, 2, 6, 4, 1200.00, 0.1000, 1491.43),
    (1040, 20231102, 1, 1, 3, 2500.00, 0.0000, 74.80),
    (1041, 20230928, 3, 1, 1, 300.00, 0.0000, 78.41),
    (1042, 20231105, 2, 4, 3, 1200.00, 0.0000, 149.45),
    (1043, 20231109, 1, 4, 4, 2500.00, 0.0500, 147.71),
    (1044, 20230919, 2, 6, 5, 1200.00, 0.0000, 1513.44),
    (1045, 20231012, 4, 2, 4, 150.00, 0.0800, 83.19),
    (1046, 20231024, 2, 1, 2, 1200.00, 0.0500, 84.88),
    (1047, 20230920, 4, 6, 4, 150.00, 0.0500, 1492.44),
    (1048, 20230930, 4, 2, 4, 150.00, 0.1000, 87.49),
    (1049, 20230923, 3, 1, 1, 300.00, 0.0500, 73.09),
    (1050, 20231004, 1, 6, 5, 2500.00, 0.0500, 1804.18),
    (1051, 20231002, 3, 1, 2, 300.00, 0.0800, 76.31),
    (1052, 20231105, 2, 2, 5, 1200.00, 0.0000, 91.24),
    (1053, 20231011, 4, 6, 5, 150.00, 0.1000, 1488.79),
    (1054, 20230916, 2, 1, 3, 1200.00, 0.0800, 85.03),
    (1055, 20231130, 2, 6, 4, 1200.00, 0.0000, 1772.43),
    (1056, 20230901, 4, 2, 3, 150.00, 0.0800, 97.88),
    (1057, 20231006, 3, 1, 4, 300.00, 0.0000, 77.51),
    (1058, 20231110, 1, 3, 5, 2500.00, 0.0500, 106.41),
    (1059, 20230921, 3, 1, 4, 300.00, 0.0000, 85.43),
    (1060, 20231130, 1, 4, 5, 2500.00, 0.0000, 141.22),
    (1061, 20230913, 3, 2, 5, 300.00, 0.0000, 82.46),
    (1062, 20231117, 2, 2, 1, 1200.00, 0.0000, 91.27),
    (1063, 20230919, 2, 1, 2, 1200.00, 0.0800, 76.63),
    (1064, 20231107, 4, 3, 4, 150.00, 0.0800, 105.07),
    (1065, 20231011, 4, 3, 4, 150.00, 0.0000, 97.47),
    (1066, 20231019, 4, 5, 1, 150.00, 0.0000, 212.65),
    (1067, 20231002, 4, 3, 1, 150.00, 0.0000, 103.09),
    (1068, 20230926, 3, 3, 5, 300.00, 0.0000, 101.31),
    (1069, 20231119, 1, 3, 1, 2500.00, 0.0800, 101.79),
    (1070, 20231119, 1, 2, 1, 2500.00, 0.1000, 98.51),
    (1071, 20231019, 2, 1, 2, 1200.00, 0.0000, 77.91),
    (1072, 20231105, 4, 5, 4, 150.00, 0.1000, 182.33),
    (1073, 20231008, 4, 3, 3, 150.00, 0.0800, 103.58),
    (1074, 20231113, 4, 2, 2, 150.00, 0.0800, 81.33),
    (1075, 20231024, 4, 2, 2, 150.00, 0.1000, 84.98),
    (1076, 20231003, 1, 1, 2, 2500.00, 0.0000, 72.35),
    (1077, 20231017, 2, 1, 3, 1200.00, 0.0000, 76.24),
    (1078, 20231116, 3, 4, 4, 300.00, 0.0500, 155.44),
    (1079, 20231024, 3, 2, 1, 300.00, 0.1000, 85.22),
    (1080, 20231025, 4, 1, 3, 150.00, 0.0500, 82.59),
    (1081, 20231121, 3, 6, 3, 300.00, 0.1000, 1800.30),
    (1082, 20231011, 2, 3, 4, 1200.00, 0.0000, 101.98),
    (1083, 20231010, 4, 2, 5, 150.00, 0.0500, 90.26),
    (1084, 20231008, 3, 6, 4, 300.00, 0.1000, 1767.49),
    (1085, 20231104, 2, 1, 2, 1200.00, 0.1000, 78.76),
    (1086, 20231115, 3, 3, 2, 300.00, 0.0800, 92.19),
    (1087, 20231108, 1, 6, 1, 2500.00, 0.1000, 1485.77),
    (1088, 20230912, 3, 4, 4, 300.00, 0.0000, 149.56),
    (1089, 20231124, 1, 2, 3, 2500.00, 0.1500, 87.60),
    (1090, 20231110, 4, 3, 1, 150.00, 0.0000, 104.37),
    (1091, 20230918, 1, 3, 2, 2500.00, 0.0000, 95.45),
    (1092, 20231107, 4, 4, 5, 150.00, 0.1000, 139.88),
    (1093, 20230917, 1, 2, 5, 2500.00, 0.0000, 98.29),
    (1094, 20231005, 1, 1, 3, 2500.00, 0.0000, 81.49),
    (1095, 20231107, 4, 6, 1, 150.00, 0.1000, 1794.96),
    (1096, 20231118, 4, 1, 2, 150.00, 0.0500, 77.64),
    (1097, 20231028, 2, 5, 1, 1200.00, 0.0000, 190.38),
    (1098, 20231007, 4, 2, 5, 150.00, 0.0000, 98.45),
    (1099, 20231126, 1, 3, 3, 2500.00, 0.0500, 104.84),
    (1100, 20230915, 3, 1, 3, 300.00, 0.0500, 81.55),
    (1101, 20231001, 1, 2, 2, 2500.00, 0.0000, 83.76),
    (1102, 20231016, 1, 2, 5, 2500.00, 0.0500, 85.87),
    (1103, 20230907, 4, 2, 2, 150.00, 0.1000, 82.65),
    (1104, 20230903, 2, 4, 4, 1200.00, 0.0000, 161.41),
    (1105, 20230928, 2, 5, 2, 1200.00, 0.0500, 190.00),
    (1106, 20231115, 2, 3, 1, 1200.00, 0.1000, 107.14),
    (1107, 20230916, 2, 5, 1, 1200.00, 0.0000, 212.34),
    (1108, 20231118, 3, 3, 5, 300.00, 0.1000, 95.47),
    (1109, 20231117, 1, 2, 2, 2500.00, 0.0000, 98.61),
    (1110, 20231011, 1, 4, 2, 2500.00, 0.0800, 164.41),
    (1111, 20230911, 4, 2, 3, 150.00, 0.0000, 89.02),
    (1112, 20230927, 4, 4, 5, 150.00, 0.0000, 143.31),
    (1113, 20231120, 2, 1, 1, 1200.00, 0.1000, 82.91),
    (1114, 20231103, 3, 3, 5, 300.00, 0.0000, 93.80),
    (1115, 20231111, 3, 2, 5, 300.00, 0.0000, 94.49),
    (1116, 20230929, 1, 2, 3, 2500.00, 0.0000, 82.59),
    (1117, 20231006, 1, 3, 1, 2500.00, 0.1000, 104.20),
    (1118, 20231003, 2, 2, 5, 1200.00, 0.1000, 90.80),
    (1119, 20230911, 2, 1, 5, 1200.00, 0.0800, 80.34),
    (1120, 20230901, 3, 2, 1, 300.00, 0.0800, 87.84),
    (1121, 20230915, 2, 4, 2, 1200.00, 0.1000, 164.06),
    (1122, 20231013, 4, 4, 5, 150.00, 0.0000, 162.61),
    (1123, 20231126, 4, 6, 5, 150.00, 0.1000, 1574.14),
    (1124, 20231013, 2, 5, 5, 1200.00, 0.0800, 197.58),
    (1125, 20230922, 1, 1, 3, 2500.00, 0.0500, 87.49),
    (1126, 20231121, 2, 1, 2, 1200.00, 0.0000, 86.30),
    (1127, 20231116, 2, 1, 1, 1200.00, 0.0800, 84.49),
    (1128, 20231018, 3, 5, 3, 300.00, 0.0000, 198.74),
    (1129, 20231116, 3, 1, 1, 300.00, 0.0500, 85.45),
    (1130, 20231103, 3, 2, 3, 300.00, 0.0500, 94.56),
    (1131, 20230905, 3, 3, 3, 300.00, 0.1000, 100.45),
    (1132, 20230903, 2, 6, 2, 1200.00, 0.0000, 1505.28),
    (1133, 20231007, 1, 3, 2, 2500.00, 0.1000, 93.27),
    (1134, 20231119, 1, 2, 3, 2500.00, 0.0000, 90.57),
    (1135, 20230909, 4, 2, 3, 150.00, 0.0500, 85.32),
    (1136, 20231111, 4, 5, 1, 150.00, 0.1000, 206.36),
    (1137, 20230927, 4, 1, 5, 150.00, 0.0000, 78.37),
    (1138, 20231014, 2, 3, 3, 1200.00, 0.0800, 92.80),
    (1139, 20230905, 1, 1, 1, 2500.00, 0.1000, 78.31),
    (1140, 20230922, 3, 6, 5, 300.00, 0.1000, 1808.34),
    (1141, 20231008, 4, 1, 1, 150.00, 0.1000, 78.42),
    (1142, 20230917, 3, 3, 2, 300.00, 0.0000, 109.81),
    (1143, 20231126, 4, 5, 1, 150.00, 0.0000, 180.63),
    (1144, 20231114, 4, 4, 3, 150.00, 0.0000, 141.65),
    (1145, 20231031, 1, 1, 4, 2500.00, 0.0500, 83.43),
    (1146, 20230923, 1, 2, 5, 2500.00, 0.0500, 95.18),
    (1147, 20231001, 4, 1, 4, 150.00, 0.0500, 85.33),
    (1148, 20230916, 1, 2, 1, 2500.00, 0.0800, 83.11),
    (1149, 20231123, 1, 2, 5, 2500.00, 0.1000, 83.53),
    (1150, 20231019, 4, 1, 3, 150.00, 0.0000, 85.57),
    (1151, 20231115, 1, 5, 3, 2500.00, 0.1000, 198.31),
    (1152, 20231001, 3, 2, 2, 300.00, 0.0500, 88.51),
    (1153, 20231026, 4, 1, 3, 150.00, 0.0800, 72.27),
    (1154, 20231125, 2, 6, 1, 1200.00, 0.0000, 1799.75),
    (1155, 20231004, 2, 4, 3, 1200.00, 0.0500, 148.26),
    (1156, 20230927, 2, 1, 2, 1200.00, 0.1000, 82.26),
    (1157, 20231124, 2, 2, 1, 1200.00, 0.3000, 90.94),
    (1158, 20230910, 4, 1, 3, 150.00, 0.0500, 78.46),
    (1159, 20230919, 4, 1, 2, 150.00, 0.0000, 78.61),
    (1160, 20231116, 3, 3, 5, 300.00, 0.0000, 108.35),
    (1161, 20231001, 2, 1, 5, 1200.00, 0.1000, 80.75),
    (1162, 20230930, 3, 2, 5, 300.00, 0.0500, 91.29),
    (1163, 20230903, 4, 5, 1, 150.00, 0.0500, 191.18),
    (1164, 20231115, 4, 3, 2, 150.00, 0.0000, 101.58),
    (1165, 20231028, 2, 1, 3, 1200.00, 0.0800, 78.73),
    (1166, 20231011, 3, 2, 1, 300.00, 0.0800, 90.15),
    (1167, 20230918, 4, 1, 4, 150.00, 0.0000, 84.47),
    (1168, 20231009, 2, 2, 2, 1200.00, 0.0500, 96.25),
    (1169, 20231016, 1, 5, 4, 2500.00, 0.0000, 183.30),
    (1170, 20230912, 3, 3, 1, 300.00, 0.0000, 94.74),
    (1171, 20230930, 4, 1, 1, 150.00, 0.0000, 78.95),
    (1172, 20230903, 4, 6, 5, 150.00, 0.1000, 1532.82),
    (1173, 20230925, 1, 1, 5, 2500.00, 0.0000, 87.09),
    (1174, 20231114, 4, 1, 3, 150.00, 0.0800, 75.39),
    (1175, 20231116, 1, 4, 5, 2500.00, 0.0800, 144.59),
    (1176, 20231014, 1, 6, 2, 2500.00, 0.0000, 1764.75),
    (1177, 20231029, 3, 1, 4, 300.00, 0.0500, 86.84),
    (1178, 20231113, 1, 4, 4, 2500.00, 0.0800, 138.41),
    (1179, 20231021, 4, 1, 3, 150.00, 0.1000, 81.89),
    (1180, 20231018, 4, 3, 5, 150.00, 0.1000, 104.12),
    (1181, 20231024, 2, 1, 4, 1200.00, 0.0500, 76.14),
    (1182, 20231023, 1, 1, 4, 2500.00, 0.0800, 81.83),
    (1183, 20230930, 4, 3, 1, 150.00, 0.0000, 101.62),
    (1184, 20231026, 4, 1, 4, 150.00, 0.0000, 73.97),
    (1185, 20230905, 4, 4, 5, 150.00, 0.0800, 142.18),
    (1186, 20231017, 3, 4, 5, 300.00, 0.0800, 150.69),
    (1187, 20230904, 3, 1, 2, 300.00, 0.0800, 81.14),
    (1188, 20231116, 1, 4, 3, 2500.00, 0.1000, 149.80),
    (1189, 20231104, 1, 2, 3, 2500.00, 0.0000, 81.07),
    (1190, 20230918, 2, 2, 2, 1200.00, 0.1000, 91.80),
    (1191, 20230905, 1, 1, 3, 2500.00, 0.0000, 72.01),
    (1192, 20230930, 3, 6, 4, 300.00, 0.0500, 1715.89),
    (1193, 20230912, 2, 2, 3, 1200.00, 0.0000, 93.03),
    (1194, 20230911, 4, 5, 1, 150.00, 0.0000, 211.34),
    (1195, 20230915, 2, 5, 4, 1200.00, 0.0800, 218.94),
    (1196, 20231022, 2, 1, 4, 1200.00, 0.0000, 77.44),
    (1197, 20231129, 1, 2, 3, 2500.00, 0.0500, 91.47),
    (1198, 20231125, 3, 4, 2, 300.00, 0.0000, 141.45),
    (1199, 20230916, 2, 6, 2, 1200.00, 0.0000, 1510.92),
    (1200, 20230918, 1, 5, 1, 2500.00, 0.1000, 193.02),
    (1201, 20231004, 1, 2, 1, 2500.00, 0.0500, 88.12),
    (1202, 20231120, 4, 3, 2, 150.00, 0.1000, 107.77),
    (1203, 20230930, 3, 2, 5, 300.00, 0.0800, 88.01),
    (1204, 20231114, 1, 4, 2, 2500.00, 0.1000, 157.15),
    (1205, 20231021, 1, 2, 4, 2500.00, 0.0000, 98.25),
    (1206, 20231110, 1, 2, 2, 2500.00, 0.0800, 83.93),
    (1207, 20231007, 1, 3, 3, 2500.00, 0.0500, 100.01),
    (1208, 20231118, 2, 6, 5, 1200.00, 0.0000, 1647.54),
    (1209, 20230920, 3, 6, 1, 300.00, 0.1000, 1774.28),
    (1210, 20230927, 4, 1, 3, 150.00, 0.0800, 77.56),
    (1211, 20230910, 1, 6, 3, 2500.00, 0.0000, 1608.72),
    (1212, 20230907, 3, 2, 2, 300.00, 0.1000, 83.19),
    (1213, 20231128, 3, 3, 3, 300.00, 0.0000, 109.80),
    (1214, 20231030, 4, 1, 5, 150.00, 0.1000, 84.09),
    (1215, 20230920, 3, 2, 3, 300.00, 0.0000, 81.96),
    (1216, 20230906, 1, 5, 4, 2500.00, 0.1000, 192.04),
    (1217, 20231120, 2, 2, 1, 1200.00, 0.0000, 86.58),
    (1218, 20231128, 2, 1, 3, 1200.00, 0.1000, 78.95),
    (1219, 20231023, 2, 2, 2, 1200.00, 0.0800, 92.69),
    (1220, 20231108, 2, 3, 3, 1200.00, 0.0500, 109.38),
    (1221, 20230910, 4, 2, 1, 150.00, 0.0500, 94.47),
    (1222, 20230901, 1, 3, 1, 2500.00, 0.0000, 99.97),
    (1223, 20231110, 3, 1, 4, 300.00, 0.0500, 87.26),
    (1224, 20231028, 3, 6, 4, 300.00, 0.0000, 1642.58),
    (1225, 20231106, 4, 4, 4, 150.00, 0.0500, 148.32),
    (1226, 20231004, 4, 4, 1, 150.00, 0.0000, 157.38),
    (1227, 20230903, 1, 4, 2, 2500.00, 0.0500, 146.78),
    (1228, 20230901, 1, 6, 5, 2500.00, 0.0000, 1761.90),
    (1229, 20230924, 2, 2, 5, 1200.00, 0.0800, 94.80),
    (1230, 20231128, 2, 3, 3, 1200.00, 0.0800, 109.69),
    (1231, 20231115, 3, 1, 3, 300.00, 0.0800, 73.08),
    (1232, 20230907, 1, 2, 5, 2500.00, 0.0000, 84.01),
    (1233, 20230910, 1, 1, 4, 2500.00, 0.0000, 79.80),
    (1234, 20231103, 2, 1, 1, 1200.00, 0.0000, 73.75),
    (1235, 20231122, 2, 2, 5, 1200.00, 0.0000, 90.74),
    (1236, 20231015, 1, 6, 3, 2500.00, 0.0000, 1488.48),
    (1237, 20231026, 2, 3, 3, 1200.00, 0.0800, 102.01),
    (1238, 20230906, 4, 6, 2, 150.00, 0.1000, 1710.96),
    (1239, 20231123, 1, 2, 3, 2500.00, 0.0000, 95.95),
    (1240, 20230926, 1, 2, 4, 2500.00, 0.0800, 98.79),
    (1241, 20230906, 4, 2, 1, 150.00, 0.0000, 96.77),
    (1242, 20231024, 2, 2, 5, 1200.00, 0.1000, 83.50),
    (1243, 20230903, 2, 1, 1, 1200.00, 0.1000, 87.43),
    (1244, 20230908, 1, 3, 3, 2500.00, 0.1000, 100.46),
    (1245, 20231025, 1, 1, 1, 2500.00, 0.0000, 87.96),
    (1246, 20231005, 1, 6, 4, 2500.00, 0.1000, 1695.66),
    (1247, 20230906, 3, 6, 2, 300.00, 0.0000, 1570.74),
    (1248, 20231015, 4, 6, 4, 150.00, 0.0500, 1758.62),
    (1249, 20231028, 1, 4, 3, 2500.00, 0.0000, 154.12),
    (1250, 20231002, 1, 2, 3, 2500.00, 0.0500, 82.23),
    (1251, 20231014, 4, 1, 3, 150.00, 0.0500, 79.46),
    (1252, 20231029, 1, 1, 5, 2500.00, 0.0000, 79.22),
    (1253, 20230924, 1, 1, 4, 2500.00, 0.0800, 81.41),
    (1254, 20231004, 2, 2, 3, 1200.00, 0.0000, 81.04),
    (1255, 20230916, 4, 2, 1, 150.00, 0.0000, 95.30),
    (1256, 20231001, 4, 1, 3, 150.00, 0.0000, 77.82),
    (1257, 20230926, 1, 6, 4, 2500.00, 0.1000, 1530.26),
    (1258, 20230916, 4, 2, 2, 150.00, 0.0000, 96.19),
    (1259, 20231109, 1, 6, 2, 2500.00, 0.1000, 1716.68),
    (1260, 20231105, 1, 6, 5, 2500.00, 0.0500, 1531.54),
    (1261, 20231107, 1, 1, 2, 2500.00, 0.0800, 75.64),
    (1262, 20230926, 4, 4, 1, 150.00, 0.1000, 143.84),
    (1263, 20230917, 1, 3, 2, 2500.00, 0.0500, 99.02),
    (1264, 20230915, 2, 1, 2, 1200.00, 0.0500, 87.96),
    (1265, 20231129, 3, 3, 2, 300.00, 0.0000, 106.59),
    (1266, 20230914, 2, 1, 3, 1200.00, 0.0000, 86.10),
    (1267, 20231009, 3, 1, 5, 300.00, 0.0000, 73.45),
    (1268, 20230907, 2, 3, 3, 1200.00, 0.0500, 104.54),
    (1269, 20231115, 1, 6, 1, 2500.00, 0.0000, 1496.17),
    (1270, 20230922, 4, 1, 1, 150.00, 0.0000, 81.32),
    (1271, 20230914, 4, 1, 4, 150.00, 0.0500, 80.53),
    (1272, 20231122, 3, 3, 3, 300.00, 0.1000, 100.97),
    (1273, 20231027, 2, 1, 5, 1200.00, 0.1000, 87.75),
    (1274, 20231106, 3, 1, 4, 300.00, 0.1000, 83.79),
    (1275, 20230905, 4, 3, 4, 150.00, 0.0000, 107.09),
    (1276, 20231122, 2, 2, 2, 1200.00, 0.0800, 93.43),
    (1277, 20231117, 3, 1, 3, 300.00, 0.0000, 76.21),
    (1278, 20231125, 3, 2, 3, 300.00, 0.0800, 93.31),
    (1279, 20230913, 2, 2, 3, 1200.00, 0.0800, 98.50),
    (1280, 20230901, 4, 1, 2, 150.00, 0.0800, 85.06),
    (1281, 20231129, 3, 2, 5, 300.00, 0.0500, 86.32),
    (1282, 20230905, 4, 1, 3, 150.00, 0.0000, 79.80),
    (1283, 20231107, 2, 2, 4, 1200.00, 0.0500, 86.21),
    (1284, 20230912, 2, 4, 2, 1200.00, 0.0500, 164.57),
    (1285, 20230916, 3, 2, 2, 300.00, 0.1000, 93.94),
    (1286, 20230930, 4, 3, 1, 150.00, 0.0500, 100.99),
    (1287, 20231025, 2, 4, 4, 1200.00, 0.0800, 157.59),
    (1288, 20231115, 4, 1, 5, 150.00, 0.0500, 78.36),
    (1289, 20231116, 1, 2, 4, 2500.00, 0.0000, 93.40),
    (1290, 20231114, 1, 4, 1, 2500.00, 0.0000, 150.75),
    (1291, 20231015, 3, 3, 2, 300.00, 0.0800, 94.40),
    (1292, 20230923, 2, 2, 3, 1200.00, 0.0000, 97.17),
    (1293, 20231023, 3, 3, 3, 300.00, 0.0500, 93.85),
    (1294, 20231130, 1, 6, 1, 2500.00, 0.1000, 1616.81),
    (1295, 20230924, 3, 3, 5, 300.00, 0.0500, 104.80),
    (1296, 20231108, 3, 1, 2, 300.00, 0.0500, 76.74),
    (1297, 20231024, 4, 3, 4, 150.00, 0.0000, 97.35),
    (1298, 20231119, 1, 3, 2, 2500.00, 0.0800, 98.80),
    (1299, 20230926, 4, 2, 2, 150.00, 0.1000, 81.81),
    (1300, 20231007, 3, 2, 2, 300.00, 0.1000, 89.04),
    (1301, 20231130, 1, 2, 3, 2500.00, 0.0000, 91.59),
    (1302, 20231006, 2, 1, 1, 1200.00, 0.1000, 76.22),
    (1303, 20231010, 3, 4, 4, 300.00, 0.1000, 135.20),
    (1304, 20231018, 3, 2, 3, 300.00, 0.1000, 92.02),
    (1305, 20230926, 3, 4, 2, 300.00, 0.0000, 140.75),
    (1306, 20231031, 4, 1, 3, 150.00, 0.0800, 85.91),
    (1307, 20231122, 4, 1, 5, 150.00, 0.0000, 78.15),
    (1308, 20231020, 3, 1, 3, 300.00, 0.0500, 85.44),
    (1309, 20231005, 1, 2, 3, 2500.00, 0.0500, 85.82),
    (1310, 20231121, 1, 6, 3, 2500.00, 0.0500, 1498.42),
    (1311, 20231015, 4, 1, 3, 150.00, 0.0800, 83.91),
    (1312, 20231004, 2, 2, 3, 1200.00, 0.0800, 82.97),
    (1313, 20231008, 2, 6, 1, 1200.00, 0.1000, 1488.28),
    (1314, 20231006, 3, 4, 3, 300.00, 0.0000, 145.08),
    (1315, 20231022, 4, 5, 1, 150.00, 0.1000, 190.73),
    (1316, 20230902, 1, 1, 3, 2500.00, 0.0000, 74.10),
    (1317, 20231001, 3, 4, 2, 300.00, 0.0500, 151.00),
    (1318, 20230930, 3, 6, 2, 300.00, 0.1000, 1593.61),
    (1319, 20231016, 2, 2, 5, 1200.00, 0.0500, 96.69),
    (1320, 20231029, 4, 3, 5, 150.00, 0.1000, 100.94),
    (1321, 20231024, 4, 4, 1, 150.00, 0.1000, 148.64),
    (1322, 20231017, 3, 1, 5, 300.00, 0.0500, 77.91),
    (1323, 20231112, 1, 6, 3, 2500.00, 0.0000, 1495.39),
    (1324, 20231018, 2, 1, 1, 1200.00, 0.0800, 76.84),
    (1325, 20230909, 1, 3, 1, 2500.00, 0.0500, 108.27),
    (1326, 20231126, 1, 4, 5, 2500.00, 0.0500, 146.29),
    (1327, 20231129, 4, 2, 1, 150.00, 0.1000, 98.31),
    (1328, 20231108, 3, 6, 4, 300.00, 0.0000, 1501.74),
    (1329, 20231010, 3, 3, 1, 300.00, 0.0000, 104.94),
    (1330, 20231112, 4, 4, 1, 150.00, 0.1000, 144.98),
    (1331, 20231026, 4, 3, 1, 150.00, 0.0800, 97.65),
    (1332, 20231122, 3, 1, 4, 300.00, 0.0800, 73.31),
    (1333, 20231005, 3, 6, 5, 300.00, 0.1000, 1535.99),
    (1334, 20231106, 2, 1, 5, 1200.00, 0.0000, 86.59),
    (1335, 20230927, 1, 2, 2, 2500.00, 0.0000, 94.13),
    (1336, 20231118, 1, 2, 1, 2500.00, 0.0800, 90.21),
    (1337, 20230901, 3, 4, 5, 300.00, 0.1000, 150.47),
    (1338, 20231010, 1, 6, 4, 2500.00, 0.0500, 1536.60),
    (1339, 20231010, 3, 4, 2, 300.00, 0.0500, 135.85),
    (1340, 20231113, 3, 6, 4, 300.00, 0.1000, 1691.09),
    (1341, 20231001, 4, 6, 3, 150.00, 0.0000, 1492.01),
    (1342, 20231001, 3, 1, 5, 300.00, 0.0000, 79.61),
    (1343, 20231122, 4, 4, 1, 150.00, 0.0000, 139.63),
    (1344, 20231030, 4, 2, 4, 150.00, 0.0500, 82.59),
    (1345, 20231003, 1, 3, 2, 2500.00, 0.0000, 101.98),
    (1346, 20231006, 4, 1, 4, 150.00, 0.0800, 85.88),
    (1347, 20230927, 1, 4, 1, 2500.00, 0.1000, 164.96),
    (1348, 20231005, 4, 1, 2, 150.00, 0.0800, 81.48),
    (1349, 20231106, 3, 4, 5, 300.00, 0.0800, 162.37),
    (1350, 20230930, 4, 1, 4, 150.00, 0.1000, 72.86),
    (1351, 20231025, 1, 1, 2, 2500.00, 0.0000, 77.81),
    (1352, 20231121, 3, 1, 5, 300.00, 0.1000, 81.17),
    (1353, 20230914, 1, 6, 4, 2500.00, 0.1000, 1516.45),
    (1354, 20231107, 3, 3, 1, 300.00, 0.0500, 109.42),
    (1355, 20231015, 2, 1, 4, 1200.00, 0.0000, 86.77),
    (1356, 20231010, 4, 6, 3, 150.00, 0.0000, 1767.51),
    (1357, 20231123, 2, 1, 5, 1200.00, 0.0000, 74.00),
    (1358, 20231111, 4, 2, 4, 150.00, 0.0000, 94.05),
    (1359, 20231130, 1, 1, 1, 2500.00, 0.0500, 83.88),
    (1360, 20231023, 4, 2, 1, 150.00, 0.0500, 97.03),
    (1361, 20231010, 1, 1, 4, 2500.00, 0.0800, 72.69),
    (1362, 20230919, 1, 1, 4, 2500.00, 0.0000, 84.40),
    (1363, 20231018, 1, 4, 3, 2500.00, 0.0800, 138.28),
    (1364, 20231012, 4, 1, 3, 150.00, 0.0000, 74.43),
    (1365, 20231026, 3, 5, 5, 300.00, 0.0000, 192.31),
    (1366, 20230921, 3, 2, 3, 300.00, 0.0500, 81.59),
    (1367, 20231109, 3, 3, 4, 300.00, 0.0800, 103.73),
    (1368, 20230921, 4, 2, 4, 150.00, 0.0000, 97.34),
    (1369, 20231026, 3, 3, 1, 300.00, 0.0000, 104.64),
    (1370, 20231110, 1, 6, 1, 2500.00, 0.1000, 1488.61),
    (1371, 20231015, 1, 3, 5, 2500.00, 0.0800, 91.81),
    (1372, 20230912, 1, 3, 3, 2500.00, 0.0500, 90.24),
    (1373, 20231011, 1, 4, 4, 2500.00, 0.0000, 154.59),
    (1374, 20230902, 3, 4, 2, 300.00, 0.0500, 136.23),
    (1375, 20231116, 1, 2, 2, 2500.00, 0.0000, 83.88),
    (1376, 20231022, 3, 3, 2, 300.00, 0.0500, 95.07),
    (1377, 20231003, 2, 3, 1, 1200.00, 0.0000, 100.26),
    (1378, 20230922, 4, 4, 3, 150.00, 0.0000, 160.49),
    (1379, 20231114, 1, 2, 1, 2500.00, 0.0000, 83.32),
    (1380, 20231030, 2, 2, 1, 1200.00, 0.1000, 87.29),
    (1381, 20231110, 2, 2, 2, 1200.00, 0.0500, 87.77),
    (1382, 20231125, 2, 1, 5, 1200.00, 0.0000, 74.59),
    (1383, 20231116, 2, 6, 5, 1200.00, 0.0500, 1553.36),
    (1384, 20231018, 3, 1, 1, 300.00, 0.0500, 86.10),
    (1385, 20231115, 2, 6, 5, 1200.00, 0.1000, 1566.41),
    (1386, 20230924, 1, 3, 1, 2500.00, 0.0500, 94.47),
    (1387, 20231007, 4, 3, 2, 150.00, 0.0000, 107.04),
    (1388, 20230912, 3, 1, 1, 300.00, 0.0000, 80.68),
    (1389, 20231120, 2, 5, 5, 1200.00, 0.0000, 214.85),
    (1390, 20231012, 3, 5, 1, 300.00, 0.0800, 195.74),
    (1391, 20230922, 3, 1, 1, 300.00, 0.0000, 81.13),
    (1392, 20231023, 3, 3, 4, 300.00, 0.0000, 107.84),
    (1393, 20231011, 3, 6, 1, 300.00, 0.1000, 1732.37),
    (1394, 20231112, 1, 1, 3, 2500.00, 0.1000, 78.22),
    (1395, 20230919, 2, 1, 4, 1200.00, 0.0000, 87.27),
    (1396, 20230908, 3, 6, 5, 300.00, 0.0500, 1654.83),
    (1397, 20231116, 1, 2, 2, 2500.00, 0.0500, 88.99),
    (1398, 20231002, 1, 4, 5, 2500.00, 0.0800, 155.61),
    (1399, 20230912, 1, 3, 2, 2500.00, 0.0000, 91.61),
    (1400, 20230920, 2, 3, 2, 1200.00, 0.0000, 104.66),
    (1401, 20231122, 4, 3, 3, 150.00, 0.1000, 91.58),
    (1402, 20231107, 3, 4, 4, 300.00, 0.0500, 135.89),
    (1403, 20230911, 2, 1, 5, 1200.00, 0.1000, 83.92),
    (1404, 20231009, 1, 6, 2, 2500.00, 0.1000, 1493.26),
    (1405, 20231106, 2, 6, 4, 1200.00, 0.0500, 1661.48),
    (1406, 20230921, 3, 3, 5, 300.00, 0.0000, 109.96),
    (1407, 20230913, 3, 3, 1, 300.00, 0.0500, 98.13),
    (1408, 20230916, 4, 1, 3, 150.00, 0.0500, 84.41),
    (1409, 20230909, 1, 4, 1, 2500.00, 0.0000, 157.59),
    (1410, 20231116, 3, 2, 4, 300.00, 0.0800, 90.37),
    (1411, 20231017, 3, 2, 1, 300.00, 0.0800, 97.80),
    (1412, 20230904, 2, 1, 1, 1200.00, 0.0000, 72.04),
    (1413, 20230906, 4, 1, 1, 150.00, 0.0000, 77.31),
    (1414, 20230909, 3, 2, 1, 300.00, 0.0000, 86.45),
    (1415, 20231117, 2, 4, 3, 1200.00, 0.0500, 142.97),
    (1416, 20231025, 2, 5, 1, 1200.00, 0.0000, 195.75),
    (1417, 20230906, 4, 3, 3, 150.00, 0.0000, 98.59),
    (1418, 20231111, 3, 4, 3, 300.00, 0.0000, 155.72),
    (1419, 20231128, 2, 4, 2, 1200.00, 0.0000, 154.45),
    (1420, 20231003, 3, 1, 2, 300.00, 0.0800, 80.76),
    (1421, 20231005, 4, 2, 1, 150.00, 0.0500, 86.95),
    (1422, 20231123, 4, 4, 5, 150.00, 0.0000, 160.07),
    (1423, 20230908, 1, 2, 1, 2500.00, 0.0000, 86.01),
    (1424, 20231028, 3, 4, 2, 300.00, 0.0800, 149.78),
    (1425, 20231110, 4, 6, 3, 150.00, 0.0500, 1560.46),
    (1426, 20231127, 3, 2, 5, 300.00, 0.0000, 84.89),
    (1427, 20231119, 1, 1, 3, 2500.00, 0.1000, 82.86),
    (1428, 20231004, 3, 3, 4, 300.00, 0.1000, 105.25),
    (1429, 20230915, 3, 5, 2, 300.00, 0.1000, 202.35),
    (1430, 20230925, 4, 2, 4, 150.00, 0.0500, 98.72),
    (1431, 20231014, 4, 1, 3, 150.00, 0.0500, 83.69),
    (1432, 20230909, 4, 4, 1, 150.00, 0.0500, 154.76),
    (1433, 20230918, 4, 3, 4, 150.00, 0.0500, 102.72),
    (1434, 20231021, 2, 1, 4, 1200.00, 0.0000, 74.53),
    (1435, 20231130, 2, 6, 4, 1200.00, 0.1000, 1525.86),
    (1436, 20231124, 3, 3, 5, 300.00, 0.2500, 93.99),
    (1437, 20231022, 1, 1, 4, 2500.00, 0.1000, 73.95),
    (1438, 20231124, 2, 1, 4, 1200.00, 0.2000, 84.15),
    (1439, 20231119, 2, 1, 4, 1200.00, 0.1000, 78.31),
    (1440, 20230901, 2, 4, 5, 1200.00, 0.0000, 151.95),
    (1441, 20231011, 1, 1, 3, 2500.00, 0.0000, 83.13),
    (1442, 20231107, 3, 1, 3, 300.00, 0.0000, 79.48),
    (1443, 20231007, 1, 1, 2, 2500.00, 0.0800, 85.40),
    (1444, 20231010, 2, 6, 4, 1200.00, 0.0500, 1632.24),
    (1445, 20231020, 3, 3, 4, 300.00, 0.0800, 93.33),
    (1446, 20231018, 3, 3, 1, 300.00, 0.0800, 98.90),
    (1447, 20231030, 3, 2, 5, 300.00, 0.0800, 92.92),
    (1448, 20230907, 3, 2, 2, 300.00, 0.0000, 90.84),
    (1449, 20231123, 4, 1, 3, 150.00, 0.0000, 86.65),
    (1450, 20231106, 4, 1, 1, 150.00, 0.1000, 73.93),
    (1451, 20231005, 1, 5, 2, 2500.00, 0.1000, 207.90),
    (1452, 20231017, 1, 3, 3, 2500.00, 0.1000, 98.04),
    (1453, 20230906, 3, 6, 1, 300.00, 0.0000, 1778.24),
    (1454, 20231106, 4, 3, 2, 150.00, 0.0000, 101.43),
    (1455, 20230904, 3, 6, 3, 300.00, 0.0000, 1500.84),
    (1456, 20230930, 1, 2, 2, 2500.00, 0.0000, 93.53),
    (1457, 20230930, 1, 6, 5, 2500.00, 0.1000, 1508.45),
    (1458, 20231125, 4, 4, 2, 150.00, 0.0000, 140.15),
    (1459, 20231004, 3, 1, 2, 300.00, 0.1000, 85.04),
    (1460, 20231127, 2, 1, 5, 1200.00, 0.0000, 86.04),
    (1461, 20231107, 1, 4, 1, 2500.00, 0.0000, 151.12),
    (1462, 20231014, 4, 1, 3, 150.00, 0.0000, 79.33),
    (1463, 20231101, 2, 2, 2, 1200.00, 0.0000, 97.66),
    (1464, 20230927, 3, 1, 1, 300.00, 0.0500, 74.82),
    (1465, 20230920, 4, 2, 1, 150.00, 0.1000, 97.38),
    (1466, 20231111, 1, 3, 3, 2500.00, 0.0800, 102.99),
    (1467, 20231002, 3, 6, 1, 300.00, 0.0500, 1760.23),
    (1468, 20231117, 2, 2, 4, 1200.00, 0.0000, 94.42),
    (1469, 20230901, 1, 5, 2, 2500.00, 0.0800, 210.40),
    (1470, 20231111, 2, 5, 1, 1200.00, 0.0800, 206.63),
    (1471, 20230917, 3, 2, 2, 300.00, 0.0000, 88.64),
    (1472, 20231117, 1, 1, 3, 2500.00, 0.1000, 82.58),
    (1473, 20231113, 3, 2, 5, 300.00, 0.1000, 83.08),
    (1474, 20230916, 2, 5, 2, 1200.00, 0.1000, 218.49),
    (1475, 20231127, 2, 1, 1, 1200.00, 0.0800, 77.00),
    (1476, 20231022, 1, 2, 3, 2500.00, 0.0000, 84.96),
    (1477, 20230902, 2, 2, 4, 1200.00, 0.0500, 89.70),
    (1478, 20231005, 2, 1, 3, 1200.00, 0.0800, 79.26),
    (1479, 20231120, 4, 4, 3, 150.00, 0.0000, 142.65),
    (1480, 20231125, 1, 3, 5, 2500.00, 0.0000, 101.39),
    (1481, 20231103, 2, 1, 3, 1200.00, 0.0800, 72.39),
    (1482, 20231014, 2, 3, 4, 1200.00, 0.1000, 99.44),
    (1483, 20231010, 2, 3, 1, 1200.00, 0.0000, 103.46),
    (1484, 20230926, 4, 4, 1, 150.00, 0.0800, 156.52),
    (1485, 20231128, 4, 1, 4, 150.00, 0.0500, 84.50),
    (1486, 20230919, 1, 5, 2, 2500.00, 0.0000, 192.97),
    (1487, 20231012, 2, 1, 3, 1200.00, 0.0500, 72.06),
    (1488, 20231117, 3, 6, 3, 300.00, 0.0500, 1654.81),
    (1489, 20231019, 2, 1, 4, 1200.00, 0.0800, 74.70),
    (1490, 20231013, 3, 3, 2, 300.00, 0.0500, 91.67),
    (1491, 20231118, 3, 1, 4, 300.00, 0.0800, 87.80),
    (1492, 20231108, 3, 3, 3, 300.00, 0.0000, 106.23),
    (1493, 20230927, 1, 6, 5, 2500.00, 0.0500, 1761.12),
    (1494, 20230924, 3, 1, 1, 300.00, 0.0800, 83.07),
    (1495, 20231122, 3, 3, 4, 300.00, 0.0500, 102.16),
    (1496, 20231026, 3, 2, 4, 300.00, 0.0000, 92.17),
    (1497, 20230906, 2, 2, 5, 1200.00, 0.0000, 83.94),
    (1498, 20231113, 3, 6, 2, 300.00, 0.0500, 1688.88),
    (1499, 20230903, 4, 1, 1, 150.00, 0.0800, 84.21),
    (1500, 20231026, 1, 1, 4, 2500.00, 0.0000, 81.20);

-- ── VERIFICACIÓN ────────────────────────────────────────────────
SELECT 'DimProducto' AS Tabla, COUNT(*) AS Registros FROM DimProducto
UNION ALL SELECT 'DimCiudad',  COUNT(*) FROM DimCiudad
UNION ALL SELECT 'DimFecha',   COUNT(*) FROM DimFecha
UNION ALL SELECT 'FactVentas', COUNT(*) FROM FactVentas;

-- Resultado esperado:
-- DimProducto:  4 registros
-- DimCiudad:    6 registros
-- DimFecha:   91 registros (Sep-Nov 2023)
-- FactVentas: 500 registros